{"cameraMode":{"drawMode":0,"name":"Shaded","section":"Shading Mode"},"sceneLighting":false,"audioPlay":false,"sceneViewState":{"m_AlwaysRefresh":false,"showFog":true,"showSkybox":false,"showFlares":true,"showImageEffects":true,"showParticleSystems":true,"showVisualEffectGraphs":true,"m_FxEnabled":true},"in2DMode":false,"pivot":{"x":-5.016237258911133,"y":0.9098958969116211,"z":-4.526534080505371},"rotation":{"x":0.03127007931470871,"y":0.9221333861351013,"z":-0.07624534517526627,"w":0.37802642583847048},"size":1.4023596048355103,"orthographic":true}