{"cameraMode":{"drawMode":0,"name":"Shaded","section":"Shading Mode"},"sceneLighting":false,"audioPlay":false,"sceneViewState":{"m_AlwaysRefresh":false,"showFog":true,"showSkybox":false,"showFlares":true,"showImageEffects":true,"showParticleSystems":true,"showVisualEffectGraphs":true,"m_FxEnabled":true},"in2DMode":false,"pivot":{"x":0.12643325328826905,"y":0.010773301124572754,"z":2.2718734741210939},"rotation":{"x":0.2193436473608017,"y":-0.6003631949424744,"z":0.1758921593427658,"w":0.748676061630249},"size":0.9495193362236023,"orthographic":false}