{"cameraMode":{"drawMode":0,"name":"Shaded","section":"Shading Mode"},"sceneLighting":false,"audioPlay":false,"sceneViewState":{"m_AlwaysRefresh":false,"showFog":true,"showSkybox":false,"showFlares":true,"showImageEffects":true,"showParticleSystems":true,"showVisualEffectGraphs":true,"m_FxEnabled":true},"in2DMode":false,"pivot":{"x":-0.09879684448242188,"y":2.5673022270202638,"z":0.3407583236694336},"rotation":{"x":0.03615240007638931,"y":0.8623358607292175,"z":-0.06219441816210747,"w":0.5012106895446777},"size":8.017451286315918,"orthographic":true}