{"cameraMode":{"drawMode":0,"name":"Shaded","section":"Shading Mode"},"sceneLighting":false,"audioPlay":false,"sceneViewState":{"m_AlwaysRefresh":false,"showFog":true,"showSkybox":false,"showFlares":true,"showImageEffects":true,"showParticleSystems":true,"showVisualEffectGraphs":true,"m_FxEnabled":true},"in2DMode":false,"pivot":{"x":0.1373509168624878,"y":0.13789218664169312,"z":-0.02569049596786499},"rotation":{"x":0.1911611407995224,"y":0.7923597097396851,"z":-0.30915167927742007,"w":0.48994794487953188},"size":0.16794760525226594,"orthographic":false}