{"cameraMode":{"drawMode":0,"name":"Shaded","section":"Shading Mode"},"sceneLighting":false,"audioPlay":false,"sceneViewState":{"m_AlwaysRefresh":false,"showFog":true,"showSkybox":false,"showFlares":true,"showImageEffects":true,"showParticleSystems":true,"showVisualEffectGraphs":true,"m_FxEnabled":true},"in2DMode":false,"pivot":{"x":-0.4344515800476074,"y":3.8223350048065187,"z":0.27736568450927737},"rotation":{"x":0.03615240007638931,"y":0.8623358607292175,"z":-0.06219441816210747,"w":0.5012106895446777},"size":10.207221984863282,"orthographic":true}