{"cameraMode":{"drawMode":0,"name":"Shaded","section":"Shading Mode"},"sceneLighting":false,"audioPlay":false,"sceneViewState":{"m_AlwaysRefresh":false,"showFog":true,"showSkybox":false,"showFlares":true,"showImageEffects":true,"showParticleSystems":true,"showVisualEffectGraphs":true,"m_FxEnabled":true},"in2DMode":false,"pivot":{"x":0.1283356100320816,"y":1.3234890699386597,"z":2.6524035930633547},"rotation":{"x":0.29349976778030398,"y":0.008603478781878949,"z":-0.002641562605276704,"w":0.955917239189148},"size":1.6308788061141968,"orthographic":true}