{"cameraMode":{"drawMode":0,"name":"Shaded","section":"Shading Mode"},"sceneLighting":false,"audioPlay":false,"sceneViewState":{"m_AlwaysRefresh":false,"showFog":true,"showSkybox":false,"showFlares":true,"showImageEffects":true,"showParticleSystems":true,"showVisualEffectGraphs":true,"m_FxEnabled":true},"in2DMode":false,"pivot":{"x":-0.30277103185653689,"y":0.6591156125068665,"z":0.9342666268348694},"rotation":{"x":-0.4286895990371704,"y":0.5215466022491455,"z":-0.34207457304000857,"w":-0.6536072492599487},"size":1.8495190143585206,"orthographic":false}