{"cameraMode":{"drawMode":0,"name":"Shaded","section":"Shading Mode"},"sceneLighting":false,"audioPlay":false,"sceneViewState":{"m_AlwaysRefresh":false,"showFog":true,"showSkybox":false,"showFlares":true,"showImageEffects":true,"showParticleSystems":true,"showVisualEffectGraphs":true,"m_FxEnabled":true},"in2DMode":false,"pivot":{"x":-0.12299579381942749,"y":0.41408079862594607,"z":1.931854009628296},"rotation":{"x":0.14511717855930329,"y":-0.5261367559432983,"z":0.09166987240314484,"w":0.8328984975814819},"size":0.6495190262794495,"orthographic":false}