{"cameraMode":{"drawMode":0,"name":"Shaded","section":"Shading Mode"},"sceneLighting":false,"audioPlay":false,"sceneViewState":{"m_AlwaysRefresh":false,"showFog":true,"showSkybox":false,"showFlares":true,"showImageEffects":true,"showParticleSystems":true,"showVisualEffectGraphs":true,"m_FxEnabled":true},"in2DMode":false,"pivot":{"x":-0.1673194169998169,"y":0.5126951932907105,"z":0.3211970329284668},"rotation":{"x":0.18945474922657014,"y":0.6784161329269409,"z":-0.18775755167007447,"w":0.6845499277114868},"size":0.8109551072120667,"orthographic":true}