{"cameraMode":{"drawMode":0,"name":"Shaded","section":"Shading Mode"},"sceneLighting":false,"audioPlay":false,"sceneViewState":{"m_AlwaysRefresh":false,"showFog":true,"showSkybox":false,"showFlares":true,"showImageEffects":true,"showParticleSystems":true,"showVisualEffectGraphs":true,"m_FxEnabled":true},"in2DMode":false,"pivot":{"x":1.309999942779541,"y":0.7525396347045898,"z":1.850000023841858},"rotation":{"x":0.48093947768211367,"y":-0.07948657870292664,"z":0.04383691027760506,"w":0.8720443844795227},"size":1.6245511770248414,"orthographic":true}